Theme to Test,Description,Pros,Cons
1. Emotional vs Rational,"Emotional appeal (""Achieve your dreams"") vs Rational appeal (""Save 20% on costs"")",Emotional often drives faster attention; Rational wins cautious buyers,Risk mismatch if audience expects professional tone
2. Static Image vs Video,Test static graphics vs short videos,Video often gets more attention and richer storytelling,Video production costs higher; slow loading can hurt
3. Person vs Product Visual,Use human faces vs product screenshots/images,"Faces build trust, products show value clearly",Faces may feel too generic; product shots might bore
4. Customer Story vs Company Message,Promote customer success stories vs direct company claims,Social proof feels more credible,Harder to scale with real customer stories
5. Stats Proof vs Emotional Hook,"""79% ROI improvement"" vs ""Unlock your growth potential""",Stats build logical trust quickly,Stats alone may feel cold; emotion drives action
6. Direct Offer vs Curiosity,"Clear offer (""Free trial today"") vs tease (""Discover the secret to..."")",Direct offers convert faster,Curiosity needs strong payoff to avoid disappointment
7. Question Headline vs Statement Headline,"""Struggling to scale your business?"" vs ""Scale your business faster.""",Questions engage reader’s mind actively,Weak questions can feel spammy
8. Short vs Long Intro Text,1-line short intro vs paragraph intro,Short fits mobile better; long can persuade in complex sales,Long text gets truncated on mobile feeds
9. Pain Point vs Gain Point,Focus on problems vs focus on positive outcomes,Pain gets faster attention; Gain feels more inspiring,Pain-driven ads can feel too negative if overused
10. Animated vs Static Visual,Subtle animations (GIF-style) vs static images,Can boost visibility in a static feed,Too much animation feels disruptive
11. Single Image vs Carousel,Single hero image vs multi-card carousel to tell a story,"Carousel engages users to swipe, multi-touch storytelling",Drop-off after 1–2 cards if not tightly written
12. Brand Colors vs Neutral Colors,Bold brand palette vs calm neutral backgrounds,Brand colors boost recognition,Too much brand color can overwhelm
13. CEO Thought Leadership vs Company Page Post,Promote a human leader’s post vs generic company post,CEO/employee posts get 2–3x engagement,Risk if CEO isn’t polished on LinkedIn
14. Urgency CTA vs Standard CTA,"""Limited spots left"" vs ""Learn more""",Urgency improves click-through rates,Fake urgency feels manipulative
15. Storytelling vs Feature Listing,Tell a mini-story vs list product features directly,Stories create emotional engagement,Feature dumps can feel boring but are clear
16. Humor vs Serious Tone,Playful tone vs formal corporate messaging,Humor stands out in serious feeds,Easy to misfire with bad jokes
17. Before/After Visuals vs Product-Only,Show transformation results vs product screens only,Transformation proof is very powerful,Requires real or good-looking examples
18. Gender Representation (Male vs Female Visuals),Male vs Female main character in imagery,Representation can improve relatability,Misaligned visuals can reduce credibility
19. Bold Typography Only vs Visual Image,"Big, bold text images vs photography-based visuals",Bold text images are fast to grasp on mobile,Feels less “premium” or “creative”
20. Native LinkedIn Post Style vs Polished Ad,Organic-looking posts vs obvious polished ads,Native style feels authentic and blends in better,Too organic might lower brand perception for premium products